,ALink
0,ivete sangalo
313,chiclete com banana
581,banda eva
796,e o tchan
925,claudia leitte
1092,harmonia do samba
1328,ara ketu
1467,daniela mercury
1697,olodum
1771,netinho
1975,asa de aguia
2242,cheiro de amor
2427,timbalada
2566,carlinhos brown
2677,tomate
2755,jammil e uma noites
2896,luiz caldas
3009,margareth menezes
3145,jauperi
3193,babado novo
3342,parangole
3455,psirico
3571,banda grafith
3704,tchakabum
3738,banda mel
3915,black style
3974,chicabana
4060,banda beijo
4137,axe bahia
4157,oz bambaz
4264,rapazolla
4340,tonho materia
4451,alexandre peixe
4510,leva noiz
4549,lucas fellix
4577,saiddy bamba
4655,sharon axe moi
4662,talokudo
4666,ta demais
4672,samir matos
4704,ouro fino
4707,gab ferruz
4710,cannibal
4741,uata anderson
4757,beyonce
5033,bruno mars
5155,rihanna
5400,50 cent
5867,john legend
6035,racionais mcs
6116,michael jackson
6416,alicia keys
6631,black eyed peas
6795,whitney houston
6921,justin timberlake
7059,akon
7393,snoop dogg
7884,chris brown
8508,2pac tupac shakur
8891,kanye west
9183,nicki minaj
9471,ne yo
9778,jennifer lopez
9994,lauryn hill
10054,destinys child
10179,cherish
10222,usher
10484,the pussycat dolls
10541,flo rida
10659,nelly
10830,thalles roberto
10972,fergie
11043,jason derulo
11163,jay z
11480,seu jorge
11587,lil wayne
12279,soulja boy
12515,prince
13100,kirk franklin
13266,ice cube
13504,ciara
13653,brian mcknight
13843,jackson 5
14061,willow smith
14144,desree
14197,baianasystem
14252,kid cudi
14372,jeremih
14410,will smith
14540,pregador luo
14687,jennifer hudson
14776,t i
15019,raiz coral
15076,b o b
15327,taio cruz
15405,ao cubo
15467,meek mill
15592,aaliyah
15689,nicole scherzinger
15790,vinicius d black
15828,stevie b
15872,birdman
15948,negra li
16002,b2k
16089,sergio saas
16156,kevin gates
16293,fabao
16302,yudi
16337,diddy dirty money
16364,ace hood
16449,kash doll
16468,5 elemento
16504,quarteto flg
16542,tendekasha
16552,natt maat
16561,franky fade
16570,m v p
16580,the boy
16594,heloisa alves
16595,leticia borges
16600,melvin santhana
16608,elvis presley
17367,john mayer
17518,amy winehouse
17588,the rolling stones
18026,michael buble
18205,eric clapton
18634,bob dylan
19192,the doors
19327,norah jones
19523,janis joplin
19636,fleetwood mac
19888,bill withers
19975,lynyrd skynyrd
20141,jimi hendrix
20270,etta james
20363,nick cave the bad seeds
20670,bb king
21041,johnny rivers
21201,the black keys
21353,gary moore
21520,little richard
21566,vaughan stevie ray
21636,the band
21823,muddy waters
21913,sambora richie
21956,cream
22017,buddy guy
22072,gary clark jr
22108,joe bonamassa
22166,john lee hooker
22221,rory gallagher
22311,ivo goncalves
22357,the allman brothers band
22499,howlin wolf 11
22564,albert king
22605,willie dixon
22637,jimmy reed
22710,taj mahal
22732,andre christovam
22740,hugh laurie
22770,john mayalls bluesbreakers
22822,vini vercillo
22825,blind arthur blake
22835,the self escape
22849,son house
22879,elmore james
22929,mississippi john hurt
22949,jonny lang
23017,brian setzer orchestra
23118,captain beefheart
23180,screamin jay hawkins
23201,mecanica
23246,o mormaco severino
23249,joanne shaw taylor
23252,johnny guitar watson
23259,banda morfina
23260,ida cox
23285,dezert sons
23290,chico buarque
23738,tom jobim
23945,elis regina
24297,vinicius de moraes
24457,maria rita
24597,joao gilberto
24721,nara leao
24936,maysa
25134,marcos valle
25268,kings of convenience
25333,wilson simonal
25473,geraldo vandre
25535,elizeth cardoso
25888,sergio mendes
25954,agostinho dos santos
26168,carlos lyra
26377,joao donato
26491,roberto menescal
26574,leny andrade
26721,nayara portela
26756,sylvia telles
26790,dabossa
26799,alaide costa
26884,potsu
26895,bianca costa
26897,eevee
26910,gilberto franca
26921,jeferson netto
26922,familia da musica
26932,pp macedo
26934,moby
27085,kali uchis
27162,groove armada
27210,royksopp
27255,air
27340,atb
27420,flight facilities
27438,thievery corporation
27479,zero7
27518,whilk and misky
27522,chicane
27546,delerium
27604,parov stelar
27610,ac dc
27814,george harrison
28006,the alan parsons project
28163,ringo starr
28406,ivan lima
28407,juliana kosso
28423,capitao nemo
28437,mamilo mandala
28447,doctor x
28454,pink floyd
28662,andrea bocelli
28902,disney
29442,enya
29571,luciano pavarotti
29711,josh groban
29874,il divo
29967,il volo
30070,epica
30204,sarah brightman
30473,the phantom of the opera
30537,titanic
30539,mozart
30585,harry potter
30604,beethoven
30611,placido domingo
30658,tarja turunen
30782,robert pattinson
30796,susan boyle
30874,the 3 tenors
30905,frederic chopin
30909,antonio vivaldi
30910,laura garcia
30911,jose josue
30942,taylor swift
31329,shania twain
31442,ludmila ferber
31679,creedence clearwater revival
31746,johnny cash
32303,chitaozinho e xororo
32780,alan jackson
33056,eagles
33151,victor leo
33332,paula fernandes
33570,naiara azevedo
33694,lady a
33827,hugo pena e gabriel
33942,joao bosco e vinicius
34124,edson e hudson
34353,joao carreiro capataz
34509,dolly parton
35232,willie nelson
35516,blake shelton
35681,thaeme e thiago
35801,rascal flatts
35956,carrie underwood
36120,faith hill
36242,garth brooks
36433,george strait
36799,dan shay
36850,matanza
36945,brad paisley
37096,munhoz e mariano
37215,keith urban
37377,marco brasil
37702,florida georgia line
37792,the chicks dixie chicks
37884,kenny chesney
38083,the band perry
38113,billy ray cyrus
38259,merle haggard
38506,wanda jackson
38673,waylon jennings
39056,eduardo araujo
39094,hank williams
39259,zac brown band
39345,alabama
39536,brooks dunn
39617,the highwaymen
39631,brenda lee
39792,the byrds
39938,chris young
40045,dallas country
40067,glen campbell
40286,marilia dutra
40307,miranda lambert
40432,martina mcbride
40584,norman blake
40586,ricky nelson
40737,patsy cline
40857,george jones
41391,don henley
41458,jennette mccurdy
41496,judds
41584,sara evans
41666,alexander ludwig
41672,cowboy junkies
41810,nathalia siqueira
41843,ayla
41852,paul brandt
41932,charlie feathers
41954,nitty gritty dirt band
42057,jake owen
42091,gary le vox
42092,bek e os tio de fusca
42093,lyle lovett
42236,leonardo arantes
42255,tenneessee ford
42299,ward thomas
42321,desert rose band
42366,erich e bruno
42383,skeeter davis
42549,west rocky
42565,bill monroe
42916,flying burrito brothers
42962,milton nunes
42989,henrique linhares
42995,chuck wicks
43006,hank snow
43095,anitta
43244,justin bieber
43522,lady gaga
43803,ariana grande
43992,shakira
44184,katy perry
44384,alok
44477,one direction
44602,mariah carey
44905,avicii
45012,miley cyrus
45311,demi lovato
45536,madonna
45914,britney spears
46235,cyndi lauper
46467,abba
46633,jessie j
46762,selena gomez
46955,david guetta
47175,backstreet boys
47388,the chainsmokers
47453,calvin harris
47556,lulu santos
47838,enrique iglesias
48012,cher
48321,xuxa
48864,pet shop boys
49163,kesha
49390,jonas brothers
49564,stromae
49612,boney m
49744,dj tiesto
49905,high school musical
49960,swedish house mafia
49998,pitbull
50262,ricky martin
50434,village people
50454,dj snake
50508,haddaway
50528,gigi dagostino
50624,rick astley
50724,pabllo vittar
50789,rebelde rede record
50855,the wanted
50923,new order
51054,kylie minogue
51476,psy
51519,carly rae jepsen
51637,major lazer
51723,thalia
52010,latino
52139,wanessa camargo
52307,bob sinclar
52366,will i am
52455,kelly key
52544,dulce maria solo
52636,akcent
52766,jamiroquai
52880,dirty dancing
52896,zendaya
52946,anahi
53045,ashley tisdale
53144,victoria justice victorious
53197,rouge
53270,inna
53435,double you
53475,far east movement
53546,lasgo
53599,snap
53621,o zone
53655,lmfao
53699,armin van buuren
53855,camp rock
53885,forro do muido
54082,hilary duff
54201,aqua
54247,yelle
54299,vanessa hudgens
54351,girls generation
54599,emily osment
54641,noel
54654,moony
54664,alexandra stan
54727,whigfield
54778,cody simpson
54917,djavu
54966,kasino
54989,the underdog project
55017,guru josh project
55024,edward maya
55050,larissa manoela
55094,milena stepanienco
55124,die antwoord
55213,magic box
55223,casi angeles
55319,ian van dahl
55352,electronic
55396,cher lloyd
55458,basshunter
55548,deee lite
55588,miranda cosgrove
55627,september
55689,pixie lott
55793,lorena simpson
55816,cascada
55909,tikos groove
55917,yang tiuti
55927,dj antoine
55973,john martin
55982,martin solveig
56016,floribella
56051,2ne1
56154,jax jones
56178,gabry ponte
56221,bratz
56261,dev
56338,natalia kills
56395,alex gaudino
56419,isa tkm
56452,ze mariano junior
56524,christopher uckermann
56555,mashup germany
56580,dj pv
56602,yolanda be cool
56610,yves larock
56620,real mccoy
56638,the saturdays
56729,luciana
56768,dj earworm
56798,vremya i steklo
56803,nxt
56804,florida inc
56809,nicola roberts
56826,hyuna
56878,lolla poderosa
56890,malifoo
56905,the cab
56944,china anne mcclain
56969,keke palmer
57074,shanell
57169,darkside nicolas jaar dave harrington
57186,milk inc
57253,zabot
57263,ian carey pres the good guys
57283,markus schulz
57319,powered djs
57328,jair vanise
57344,sak noel
57348,bee gees
57902,gloria gaynor
57940,temptations
58096,earth wind and fire
58285,barry white
58337,diana ross
58695,k c and the sunshine band
58719,donna summer
58936,tina charles
58961,the isley brothers
59077,chic
59127,grace jones
59220,giorgio moroder
59261,sister sledge
59272,the s o s band
59279,anita ward
59282,ike turner
59313,the trammps
59318,sylvester
59323,wilson pickett
59366,andrea true connection
59372,celina santana
59382,metrolboy
59404,sia
59603,ellie goulding
59753,vintage culture
59804,tove lo
59892,clean bandit
59937,daft punk
60038,marshmello
60119,t a t u
60202,martin garrix
60278,bruno martini
60312,zedd
60367,massive attack
60433,skrillex
60518,benny benassi
60584,bjork
60798,prodigy
60929,sigala
60948,owl city
61073,m i a
61195,hooverphonic
61313,summer eletrohits
61345,the chemical brothers
61436,portishead
61491,dj shadow
61527,kraftwerk
61611,fatboy slim
61701,above beyond
61761,afrojack
61863,jawsh 685
61867,deadmau5
61976,3oh3
62064,videoclub
62068,moloko
62119,cobra starship
62176,faithless
62228,gui boratto
62240,nicky romero
62292,infected mushroom
62372,jean michel jarre
62522,troyboi
62527,samantha machado
62555,dj eskimo
62566,nervo
62611,ladytron
62694,sesto sento
62705,lcd soundsystem
62749,brian eno
62859,mashup
62925,hot chip
63016,electric guest
63038,house boulevard
63041,sebastian ingrosso alesso
63043,cobrah
63055,neon hitch
63122,felguk
63167,bag raiders
63171,ncs
63195,gbaby
63203,miike snow
63236,ale porto
63237,emma hewitt
63250,jeffree star
63310,basement jaxx
63387,enter shikari
63451,klaas
63473,paul van dyk
63511,oh land
63544,cut copy
63588,the crystal method
63602,larissa lahw
63608,dj fresh
63624,nero
63643,showtek
63658,fernando castello
63662,katy b
63719,eric saade
63775,chase and status
63795,the young luiz
63796,avoure
63797,chris lake
63804,malik mustache
63806,kdrew
63826,brokencyde
63901,gabys
63912,dj ralk
63913,mylo
63920,niki the dove
63946,flunk
63986,marcinho dj
63991,fresno
64174,tokio hotel
64305,black veil brides
64401,sleeping with sirens
64484,hevo84
64544,escape the fate
64636,the used
64780,dashboard confessional
64904,catch side
64970,hori
65002,agnela
65032,drive
65076,afi
65286,funeral for a friend
65399,beeshop
65438,blessthefall
65511,fake number
65553,taking back sunday
65648,alesana
65738,finch
65804,offline
65829,emoponto
65884,the word alive
65940,etna
65964,hateletters
65974,amalia rodrigues
66288,roberto leal
66588,ana moura
66695,mariza
66793,dulce pontes
66881,camane
66981,ed sheeran
67205,jack johnson
67340,james blunt
67453,leonard cohen
67619,florence and the machine
67756,anavitoria
67833,eddie vedder
67889,passenger reino unido
68026,ze ramalho
68262,the lumineers
68324,kodaline
68380,birdy
68465,vance joy
68500,neil young
69017,damien rice
69106,mumford sons
69177,bon iver
69244,sufjan stevens
69431,clarice falcao
69485,zeeba
69509,jethro tull
69835,ben howard
69901,renato teixeira
70122,mallu magalhaes
70223,14 bis
70344,mamas papas
70407,loreena mckennitt
70482,van morrison
70982,beirut
71059,regina spektor
71226,jake bugg
71308,jose gonzalez
71347,a banda mais bonita da cidade
71397,joni mitchell
71618,marcela tais
71646,edward sharpe and the magnetic zeros
71690,vanguart
71791,gabriel sater
71815,dropkick murphys
71979,ray lamontagne
72051,jewel
72305,pogues
72416,nick drake
72484,never shout never
72597,buffalo springfield
72635,wilco
72827,joan baez
73160,peter paul and mary
73193,amos lee
73246,elliott smith
73408,agridoce
73427,dubliners
73490,father john misty
73548,first aid kit
73613,john prine
73790,pete seeger
73808,iron wine
73933,fleet foxes
73994,eluveitie
74076,the head and the heart
74105,devendra banhart
74286,little joy
74299,dexys midnight runners
74331,james vincent mcmorrow
74361,my morning jacket
74488,aimee mann
74674,matt nathanson
74752,laura marling
74847,leadbelly
74870,neutral milk hotel
74932,richard thompson
75203,noah and the whale
75240,guthrie woody
75321,john martyn
75371,luamarte
75384,korpiklaani
75482,rogerio godoy
75490,
75491,yael naim
75520,josh rouse
75586,judy collins
75687,dawes
75728,the duke spirit
75748,carlos walker
75788,sandy denny
75939,jj heller
75990,jonavo
76015,off the king
76023,sandrera
76040,little nation
76055,henrique campos
76064,feito cafe
76069,calcinha preta
76385,banda magnificos
76597,luiz gonzaga
77149,wesley safadao
77659,eduardo costa
77984,avioes do forro
78622,mastruz com leite
79025,ze vaqueiro
79069,limao com mel
79318,falamansa
79447,desejo de menina
79591,elba ramalho
79856,flavio jose
80056,dominguinhos
80346,washington brasileiro
80424,tarcisio do acordeon
80453,zezo
80510,saia rodada
80754,mano walter
80918,felipe amorim
80923,vitor fernandes
80964,santanna o cantador
81032,trio chapahalls
81073,bonde do forro
81171,dorgival dantas
81287,amelinha
81396,caju castanha
81508,pepe moreno
81533,gatinha manhosa
81736,rastape
81812,genival lacerda
82019,trio nordestino
82416,frank aguiar
82523,cavaleiros do forro
82718,solteiroes do forro
82890,moleca 100 vergonha
83023,banda cavalo de pau
83119,companhia do calypso
83296,circulado de fulo
83362,banda libanos
83441,forrozao tropykalia
83521,os 3 do nordeste
83835,roberio e seus teclados
83863,caviar com rapadura
83928,bicho de pe
83974,jackson do pandeiro
84267,arreio de ouro
84339,bonde do maluco
84386,mala 100 alca
84489,marines
84681,forro lagosta bronzeada
84725,alcymar monteiro
84776,forro real
84896,petrucio amorim
84960,joao do vale
84984,forro sacode
85066,rasta chinela
85122,forro saborear
85195,tiririca
85217,forro boys
85262,felipao e forro moral
85335,furacao do forro
85423,duquinha e nordestino do ritmo
85464,lucy alves
85506,ton oliveira
85542,forro bemtivi
85565,geraldinho lins
85678,forrueiros
85716,forro anjo azul
85782,mestre zinho
85882,trio virgulino
85969,rogerio farias o poeta do sertao
85989,banda 100 stress
86069,catuaba com amendoim
86093,sivuca
86120,trio forrozao
86193,forro pegado
86280,stefhany
86358,henrique land
86361,trio dona zefa
86398,eldo cardoso
86402,fabricia
86406,ytalo paulo
86409,batista lima
86426,bia socek
86442,banda tarraxinha
86469,luan e forro estilizado
86536,luana magalhaes
86538,fabio carneirinho
86576,louro santos e forro da malagueta
86615,rhaissa
86622,onildo barbosa e seus cabras da peste
86647,kelly freitas eletrica
86651,black do acordeon
86669,forro karamelado
86685,ferro na boneca
86777,forro balancear
86850,gavioes do forro
86872,alberto salgado
86887,forro pe de ouro
86949,rodrigo dsa e os serafins
86956,estakazero
87042,isabela serpa
87043,cacau com leite
87068,calango aceso
87239,danny e banda mega star
87251,forro estourado
87279,potigua
87323,jorge luiz da silva
87377,trio juriti
87421,gilvan nascimento
87469,israell muniz
87481,larissa emilly
87486,marilia marques
87508,jp santos
87513,lucas pavani
87518,os 4
87529,edimilson rodrigues
87547,penalva
87569,banda calugi
87572,banda cebola ralada
87590,jhony cinco
87606,stevie wonder
87860,james brown
87950,ed motta
88089,sandra de sa
88271,george benson
88326,claudio zoli
88359,charles bradley
88384,sly and the family stone
88424,zapp
88440,wild cherry
88443,curtis mayfield
88464,gap band
88490,funkadelic
88582,shalamar
88592,isaac hayes
88618,the brothers johnson
88624,average white band
88679,incognito
88793,mc cupido
88794,mc kolos
88801,gerson king combo
88830,bryan tiller
88869,eric dogmal
88879,bootsy collins
88893,kc paredao
88896,ohio players
88906,lakeside
88911,mariah marini
88919,toni tornado
88929,sharon jones the dap kings
88942,funk u
88947,skowa e a mafia
88957,mc luck original
88958,mayckin ferraz
88960,lu leite
88972,mc vareta
88987,diogotda
88990,melk max
88995,ludmilla
89096,mc livinho
89202,mc kevin
89291,furacao 2000
89349,mr catra
89447,mc marcelly
89535,mc daleste
89649,mc hariel
89736,mc lan
89762,mc felipe boladao
89802,mc poze do rodo
89807,claudinho buchecha
89881,mc marcinho
89976,mc neguinho do kaxeta
90027,mc carol
90053,os hawaianos
90133,gaiola das popozudas
90193,mc creu funk
90210,mc magrinho
90239,bob rum
90260,pocah
90309,mc orelha
90325,menor do chapa
90387,naldo
90454,mc g15
90472,mc rodolfinho
90514,mc smith
90556,kevinho
90600,mcs cidinho e doca
90631,valesca popozuda
90649,tati quebra barraco
90697,mc gil do andarai
90719,mc guime
90788,pikeno e menor
90829,dj marlboro
90899,bonde do tigrao
90948,mc martinho
90962,mc lon
91028,mc frank
91074,bonde das maravilhas
91106,perlla
91177,mc leozinho
91219,mc kauan
91253,mc kelvinho
91316,mc katia
91364,sapao
91398,mcs samuka e nego
91406,mulher melancia
91417,deize tigrona
91427,gorila e preto
91441,mc nego blue
91476,mc primo
91499,mc zoi de gato
91508,jonathan costa
91525,mc byana
91543,andrezinho shock
91562,buchecha
91629,mc ticao
91648,mc wm
91672,mc gui
91699,renatinho e alemao
91705,mc vitinho
91717,mc duduzinho
91782,mc magico
91788,mc max
91808,mc dede
91867,mc dido
91885,mc boy do charme
91912,mc buiu
91927,mulher file
91939,mc joaozinho vt
91948,mc tati zaqui
91984,mc sabrina
92031,mc menorzinha
92056,mc brinquedo
92070,mc romeu
92090,mc frank e mulher melao
92096,pancadao do caldeirao do huck
92126,mc mascote
92140,mc bruninho
92148,mc k9
92185,mc tevez
92198,bola de fogo
92211,mc g3
92225,mc g7
92241,mc luan
92273,neguinho do caxeta
92289,mc leozinho do recife
92321,jerry smith
92347,mc koringa
92384,mc zaquin
92388,mc bola
92403,os cacadores
92426,mc careca
92447,vinicius e andinho
92455,mc galo
92470,duda do marape
92490,mc roba cena
92512,mc biju
92524,mc copinho
92533,mc pele
92550,bonde do role
92593,mc pe de pano
92599,mc ale soares
92600,mc gibi
92615,os ousados
92628,mc cezareth
92640,bonde do vinho
92675,mc yuri bh
92686,mc diguinho
92697,priscila nocetti
92714,mc ombrinho
92718,mc biruleibe
92723,mc jenny
92730,hitmaker
92737,mc jefinho
92755,mc godo
92766,jaula das gostosudas
92785,leandro e as abusadas
92798,mc maiquinho
92824,mc fioti
92843,os avassaladores
92854,david bolado
92881,mc dodo
92891,caroline miranda
92892,mc cacau
92907,mc marcio g
92927,mc suzy
92937,mulher gato
92948,mc karyne da provi
92952,dj thiago
92962,mc princesa e plebeu
92968,mc guga da vg
92969,mc tartaruga
92972,mc delley
92984,justiceiras do funk
92993,bonde da oskley
93009,mc robinho de prata
93017,os bad boys funk
93026,mc juninho
93044,mr mu
93056,veronica costa
93064,mc wc
93085,mc renan
93088,mc islaibe
93089,mc vine
93098,dj cris
93099,gepe mc
93107,harpa crista
93682,cancao nova
93823,musicas catolicas
94174,corinhos evangelicos
94252,aline barros
94670,hillsong united
95365,padre zezinho
96078,andre valadao
96262,cassiane
96611,musicas gospel
97010,shirley carvalhaes
97398,diante do trono
98051,fernandinho
98190,lauriete
98502,rose nascimento
98756,fernanda brum
99040,gerson rufino
99284,vanilda bordieri
99528,mara lima
99798,anderson freire
99917,damares
100077,gabriela rocha
100154,eyshila
100404,bruna karla
100569,padre marcelo rossi
100746,voz da verdade
101114,ademar de campos
101250,cantor cristao
101630,ministerio toque no altar
101748,renascer praise
102010,mattos nascimento
102204,lauren daigle
102248,elia oliveira
102413,jesse aguiar
102428,rosa de saron
102593,fabio de melo
102823,igreja crista maranata
103130,daniel e samuel
103424,nivea soares
103547,soraya moraes
103706,ministerio jovem
103902,david quinlan
104014,nani azevedo
104118,kleber lucas
104334,ministerio koinonya de louvor
104518,colecao amo voce
104666,j neto
104896,ministerio trazendo a arca
105018,comunidade catolica shalom
105266,oseias de paula
105442,lea mendonca
105597,padre reginaldo manzotti
105722,anjos de resgate
105838,elaine martins
105969,catedral
106230,eliana ribeiro
106293,skillet
106444,sergio lopes
106675,casting crowns
106803,regis danese
106937,cristina mel
107357,marcos antonio
107537,davi sacer
107637,elaine de jesus
107828,padre antonio maria
107970,danielle cristina
108077,lazaro
108201,jeremy camp
108345,michelle nascimento
108439,jozyanne
108571,adriana arydes
108703,suellen lima
108843,agnus dei
108933,paulo cesar baruk
109068,chris tomlin
109191,heloisa rosa
109278,andrea fontes
109476,adoracao adoradores
109526,alice maciel
109606,kemuel
109670,jotta a
109726,amanda ferrari
109829,irma kelly patricia
109985,ministerio adoracao e vida
110048,michael w smith
110289,oficina g3
110424,padre jonas abib
110573,julia vitoria
110585,armando filho
110682,leonardo goncalves
110784,silvan santos
110818,eliane silva
110960,elias silva
111062,flordelis
111145,toca de assis
111221,celina borges
111293,rayssa e ravel
111510,junior
111655,beatriz andrade
111771,vida reluz
111853,marquinhos gomes
111940,criancas diante do trono
112018,arianne
112092,rozeane ribeiro
112216,mara dalila
112407,luiz de carvalho
112530,prisma brasil
112750,asaph borba
112879,newsboys
113037,noemi nonato
113252,raquel silva
113298,chagas sobrinho
113362,apocalipse 16
113488,padre joaozinho
113540,red
113624,marcos goes
113753,ton carfi
113851,livres para adorar
113910,jair pires
113966,congregacao crista no brasil
114052,alda celia
114163,priscilla alcantara
114242,switchfoot
114437,p o d
114580,gisele nascimento
114688,marco aurelio
114778,vencedores por cristo
115055,grupo logos
115171,celia sakamoto
115285,giselli cristina
115401,walmir alencar
115474,vineyard
115926,ministerio apascentar de foz do iguacu
116048,testemunhas de jeova
116188,alvaro tito
116276,4x1
116387,ziza fernandes
116500,cancoes de vida
116512,ministerio sarando a terra ferida
116589,tangela vieira
116643,arautos do rei
116866,pr melvim
116903,comunhao e adoracao
116935,amy grant
117151,deusiane oliveira
117172,hinos sud
117393,feliciano amaral
117482,cicero nogueira
117568,melissa
117691,jamily
117813,jesus culture
117944,rodolfo abrantes
117994,gislaine e milena
118067,mercy me
118236,andre e felipe
118310,raquel mello
118387,third day
118561,vineyard brasil
118640,suellen brum
118655,jairo bonfim
118729,pg
118850,mara maravilha
119126,mensagem brasil
119169,grupo fogo no pe
119200,voices
119331,ministerio pedras vivas
119382,discopraise
119433,gerson cardozo
119526,missionario shalom
119621,sofia cardoso
119703,padre joao carlos
119782,banda louvor e gloria
119840,pamela
119971,kari jobe
120062,comunidade internacional da zona sul
120165,os levitas
120259,tamires nascimento
120283,rodox
120312,adilson silva
120400,ariely bonatti
120487,alessandra samadello
120644,filhos do homem
120748,cassiane jairinho
120831,luiz claudio gospel
120867,robinson monteiro
120959,fernando iglesias
121050,marcos witt
121181,amara cerqueira
121191,ze marco e adriano
121263,toby mac
121366,ministerio ipiranga
121433,lecrae
121524,georgete rocha
121590,padre juarez de castro
121656,aline brasil
121705,gisele cristina
121742,daniel ludtke
121804,resgate
121928,marcelo crivella
122058,wilian nascimento
122140,rafaela pinho
122207,dunga
122279,igreja batista de nova jerusalem
122363,valquiria de oliveira
122441,fernanda brum e eyshila
122463,conceicao cabral
122510,padre agnaldo jose
122552,coral resgate
122601,stryper
122700,mariana valadao
122780,kim
122920,igreja batista da lagoinha
123074,tony e tito
123139,daniela araujo
123217,shirley kaiser
123293,warren barfield
123322,cleidimar moreira
123343,debora e leia
123407,santa geracao
123533,adriana ribeiro
123604,daniel souza
123676,marcelo nascimento
123754,bruna olly
123831,marcelo aguiar
123890,leonor
123928,equipe obra de amor
123979,chris duran
124067,gaither vocal band
124200,demon hunter
124304,som e louvor
124390,igreja batista do morumbi
124402,altos louvores
124484,ricardo sa
124577,marcia bandeira
124678,lydia moises
124768,banda dom
124802,projeto vida nova de iraja
124864,jesus adrian romero
124997,antonio cirilo
125112,diacono nelsinho correa
125165,raquel santiago
125169,paulo andre
125215,gerusa barros
125267,pimentas
125319,alex gonzaga
125367,denise cerqueira
125435,fireflight
125507,the caravans
125512,paulo figueiro
125570,brooke fraser
125632,josyane menezes
125639,trio nascimento
125666,iveline
125744,eros biondini
125825,salette ferreira
125855,cantores de deus
125907,canarinhos de cristo
125972,palavrantiga
126001,dalvinha
126054,nova voz
126098,turma do barulho
126160,flyleaf
126252,flavinho
126291,ministerio uncao agape
126345,radicais kids
126383,padre ezequiel dal pozzo
126416,12 stones
126491,lucely uchoa
126524,sandi patty
126739,alceu pires
126757,grupo ellas
126837,britt nicole
126900,bola de neve church
126975,arttrio
127021,sandrinha
127126,banda leao de juda resgatados
127131,bruna barbosa
127156,renato suhett
127223,marcio pinheiro
127275,henrique cerqueira
127352,fred arrais
127401,dominic balli
127438,liz lanne
127546,promises
127592,suely facanha
127673,paloma gomes
127682,marcelo dias e fabiana
127746,kingdom movement
127749,marta valeria
127776,diego fernandes
127806,point of grace
127950,igreja biblica da paz
128026,debora e ereni
128084,niquesia santos
128164,juliana santiago
128189,comunidade evangelica de maringa
128236,adrielle lopes
128269,tatiana costa
128294,ministerio alem do veu
128323,keila miranda
128352,eunice ferreira
128357,stace orrico
128421,priscilla gollub
128462,miria mical
128493,fruto sagrado
128563,khorus
128661,thayara
128686,barlowgirl
128749,leo jundi
128816,paula roma
128831,delirious
128971,banda mundial
128996,obede e taina
129017,cantora eliziane
129021,fernanda lara
129069,marina de oliveira
129269,gabriela rocha elias dos santosirmaos na fe
129282,damaris
129305,jaci velasquez
129463,rebeca carvalho
129475,cricia martins
129487,fabyano barcellos
129496,sostenes mendes
129548,thiago grulha
129604,alexandre bernardino
129636,karla monteiro
129655,jeanne mascarenhas
129728,lucas souza
129784,luiz artur
129828,eterna
129890,ministerio trindade santa
129895,take 6
129977,ministerio nova geracao
130006,cantor jesse santos
130037,dominus
130091,joe vasconcelos maravilhado
130129,proverbio x
130181,ministerio uncao de deus
130210,luciano santhiago
130226,jose carlos
130270,doidin de deus
130304,atmosfera de adoracao
130347,davi silva
130399,grupo acorde
130419,rede ativa
130475,arthur callazans
130480,ministerio novo tempo
130520,adriana marques
130565,arena louvor
130621,alex alex
130675,as i lay dying
130765,coral resgate para vida
130809,roberta di angellis
130844,reginaldo domingos
130853,selah
130923,brenda dos santos
130954,ministerio asas da adoracao
130975,midia reis
130981,metal nobre
131032,deise do vale
131065,mylla karvalho
131110,eduardo cardozo
131131,marcia silva
131183,padre leo
131193,vanilda albuquerque
131216,dany grace
131269,ministerio estrategia
131284,dj alpiste
131354,cris deziro
131389,dayane damasceno
131399,silvio doria
131405,banda giom
131468,cinthya miranda
131473,ludi
131479,leeland
131546,nadson portugal
131564,andy mineo
131593,for today
131651,heritage singers
131736,laura morena
131765,wladia leyliane
131790,giesley mota
131846,andre e thiago arrais
131873,alyne couto
131887,nivea silva
131928,daniel costa
131960,the edwin hawkins singers
131973,melosweet
132031,laercio oliveira
132068,gilson campos
132099,kutless
132209,graziela
132242,underoath
132323,pr marco feliciano
132338,jessyca
132368,pra tua gloria
132373,ilan music
132380,marsena
132394,leia sora
132429,vcd voz que clama no deserto
132440,jimmy needham
132492,shekinah rap
132510,turma da sandrinha
132532,marcos aurelio
132537,banda bom pastor
132576,sarah
132586,salles
132587,luzia costa
132612,grupo ame
132641,rio da adoracao
132659,rodrigo soeiro
132693,william roberto
132731,danilo e daniel 11
132733,josue teodoro
132780,marcio todeschini
132794,cantora edilaine silva
132824,nadia santolli
132906,gui rebustini
132932,emerson pinheiro
132966,rachael lampa
133037,roberto barros
133040,pr gilmar brito
133062,jonny voice
133072,jose silva
133080,luciano claw
133101,brian littrell
133121,shawn mcdonald
133197,hillsong kids
133264,comunidade das nacoes
133273,italo villar
133298,joziane
133318,pastor jayme
133336,turminha viva
133346,dalvimar gallo
133383,joao sallome
133386,jon foreman
133448,banda de fatima
133466,mig meg
133478,tua palavra
133494,tribo do funk
133522,hb
133586,igreja de nova vida
133588,bereana louvor e adoracao
133614,maxwell visao de aguia
133629,bruno e bruna
133630,nicolai
133638,the clark sisters
133753,vania sampaio
133768,luana duarte
133789,tribo da galileia
133790,sebhasttiao alves
133838,claudia cerqueira
133844,raimylly rego
133856,pastor elizeu canela
133857,ana paula procopio
133875,praise machine
133902,youthful praise
134009,jo 42
134041,ministerio espirito santo
134056,rap com vida
134061,renan freixes
134063,marcislene
134066,group 1 crew
134114,cast universal music christian group
134115,sergio luiz
134119,death therapy
134148,nara simone
134158,priscila cruz
134169,elisio neto
134195,jabes gilleade
134207,daniell dias
134217,fabiana lopes
134228,felipe bonavita
134234,vida abundante
134242,nael rodrigues
134256,louvor para as nacoes
134263,alta voltagem
134267,amanda melo
134269,comunidade vida crista
134301,love song
134306,mary ellen
134313,raony farsura
134327,krystal meyers
134364,paula mendes
134374,milson dias
134383,220 band
134385,ellis oliver
134391,lucas alencar
134403,trap g o general
134415,laressa abreu
134441,carlos dias
134468,rafael chagas
134470,kelly monteiro
134480,patricia nunes
134492,bem da hora
134516,rosivaldo
134552,leia ferrier
134571,nara lopes
134582,mayke ferraz
134604,eliseu alvernaz
134619,djalma
134622,jolix christian
134688,deise rosa
134712,carol celico
134725,betinho gospel
134747,lucilene xavier
134749,hemanuel e hisrael
134761,monica curcino
134763,leyde e kezya
134767,jefferson yuri
134770,mike archanjo
134775,felipe salaibe
134778,crisangela
134804,cristiane medeiros
134809,patriarcas mcs
134814,audenise santos
134822,valdem mc sobrevivente da fe
134836,banda alien
134847,ministerio milagre da vida
134860,evanescence
135007,the cure
135269,era
135319,marilyn manson
135546,nightwish
135693,faith no more
135794,placebo
135961,within temptation
136094,the sisters of mercy
136166,siouxsie and the banshees
136312,cradle of filth
136481,the rasmus
136608,the mission
136740,him
136853,amy lee
136886,lacuna coil
137180,cocteau twins
137278,lacrimosa
137421,bauhaus
137493,tristania
137572,therion
137796,peter murphy
137850,fields of the nephilim
137899,gene loves jezebel
137951,birthday massacre
138033,the 69 eyes
138156,sirenia
138245,we are the fallen
138258,alien sex fiend
138308,xandria
138405,voltaire
138502,clan of xymox
138604,xmal deutschland
138646,maldita
138705,deathstars
138752,diary of dreams
138882,in the dark
138890,tones on tail
138893,theatres des vampires
138980,pearl jam
139203,nirvana
139331,foo fighters
139519,alice in chains
139626,silverchair
139717,smashing pumpkins
139996,soundgarden
140116,soul asylum
140272,stone temple pilots
140383,temple of the dog
140393,hole
140497,mark lanegan
140643,l7
140716,mudhoney
140868,dinosaur jr
140990,mother love bone
141008,felipe renfro
141023,superchunk
141142,tad
141191,bon jovi
141567,scorpions
141836,guns n roses
141940,queen
142193,linkin park
142422,metallica
142602,system of a down
142717,aerosmith
142966,iron maiden
143165,led zeppelin
143260,slipknot
143389,black sabbath
143584,kansas
143724,avenged sevenfold
143843,kiss
144119,audioslave
144169,ozzy osbourne
144357,extreme
144431,rage against the machine
144498,my chemical romance
144594,van halen
144733,journey
144907,disturbed
145035,bring me the horizon
145146,deep purple
145407,whitesnake
145569,cpm 22
145689,three days grace
145776,limp bizkit
145920,survivor
146007,stone sour
146132,ghost
146198,megadeth
146389,alice cooper
146718,heart
146872,greta van fleet
146906,slash
147009,the pretty reckless
147095,europe
147236,motley crue
147405,asking alexandria
147518,queens of the stone age
147624,judas priest
147839,skid row
147924,twisted sister
148010,breaking benjamin
148093,bullet for my valentine
148196,dio
148322,papa roach
148485,rainbow
148560,def leppard
148723,mr big
148835,poison
148950,joan jett the blackhearts
149129,cheap trick
149329,uriah heep
149592,bad company
149696,quiet riot
149768,dragonforce
149858,the darkness
149939,new model army
150108,cinderella
150162,boston
150216,blue oyster cult
150330,tesla
150443,velvet revolver
150479,manic street preachers
150749,gloria
150818,living colour
150871,blackmores night
150974,saliva
151064,zakk wylde
151116,white lion
151145,runaways
151195,david coverdale
151239,fair warning
151286,glenn hughes
151437,lordi
151539,dr sin
151647,rob rock
151687,saigon kick
151707,down
151751,nelson
151832,jeff scott soto
151879,tank band
151929,tyketto
151963,talisman
152049,iron weasel
152069,cherry ramona
152079,icon for hire
152122,banda antitese
152140,girlie hell
152147,dona mag
152157,reduce
152166,the offspring
152321,raimundos
152442,nofx
152747,forfun
152828,dead fish
152974,a day to remember
153070,rise against
153206,anjos anonimos
154235,falling in reverse
154300,face to face
154464,cueio limao
154527,pennywise
154698,ratos de porao
154846,hateen
154926,hollywood undead
155031,dead kennedys
155113,gg allin
155243,suicidal tendencies
155363,dance of days
155498,the exploited
155603,suicide silence
155677,fugazi
155761,descendents
155894,husker du
156014,clauneck sixxx
156042,atreyu
156150,rancore
156195,no use for a name
156319,dfc
156416,black flag
156486,sugar kane
156584,all
156726,biohazard
156840,madball
156918,eyes set to kill
156987,the devil wears prada
157064,sick of it all
157205,agnostic front
157317,circle jerks
157393,caliban
157516,36 crazyfists
157594,walls of jericho
157641,cambio negro hc
157645,lets go
157670,alcoolicos sexuais
157690,attack attack
157719,khorium
157736,maddiba
157750,prong
157790,undergust
157796,laboratori
157807,rammstein
157980,angra
158105,korn
158348,sepultura
158560,five finger death punch
158672,motorhead
158939,cannibal corpse
159115,helloween
159381,pantera
159489,black label society
159635,dream theater
159866,slayer
160014,bruce dickinson
160122,manowar
160234,shaman
160280,babymetal
160329,amon amarth
160449,queensryche
160601,stratovarius
160773,mudvayne
160850,type o negative
160929,rhapsody
161098,accept
161275,blind guardian
161431,wasp
161579,apocalyptica
161630,saxon
161802,serj tankian
161865,mercyful fate
161948,drowning pool
162003,avantasia
162089,sonata artica
162243,trivium
162379,hammerfall
162509,godsmack
162606,danzig
162745,edguy
162874,arch enemy
162986,kamelot
163159,in this moment
163255,tenacious d
163369,motionless in white
163455,iced earth
163611,killswitch engage
163713,bathory
163862,paradise lost
164052,mastodon
164155,dimmu borgir
164256,massacration
164287,amorphis
164416,lamb of god
164526,behemoth
164654,gamma ray
164784,mayhem
164843,king diamond
165003,venom
165150,anthrax
165330,death
165398,andre matos
165439,anathema
165568,napalm death
165820,after forever
165896,axel rudi pell
166035,all that remains
166115,dope
166205,jorn lande
166334,mindflow
166384,brujeria
166493,savatage
166619,theatre of tragedy
166701,moonspell
166841,running wild
166989,yngwie malmsteen
167194,testament
167322,symphony x
167412,carcass
167491,rage
167759,the gathering
167875,tuatha de danann
167925,almah
167986,axty
167995,kittie
168068,dokken
168195,destruction
168300,soulfly
168415,black tide
168454,dream evil
168532,dorsal atlantica
168631,grave digger
168815,children of bodom
168925,primal fear
169050,annihilator
169191,deicide
169274,danger danger
169322,samael
169412,belphegor
169480,burzum
169547,madame saatan
169576,freedom call
169676,riot
169766,allen lande
169812,sentenced
169900,demons wizards
169927,vision divine
170006,suffokate
170040,emperor
170080,cavalera conspiracy
170126,brainstorm heavy metal
170233,leaves eyes
170321,whitechapel
170389,cathedral
170475,the sins of thy beloved
170490,korzus
170553,royal hunt
170638,heaven hell
170653,circle ii circle
170705,fates warning
170792,maroon
170825,domine
170873,anvil
171012,racer x
171062,vintersorg
171139,taraxacum
171159,artillery
171206,bitch
171216,beto vazquez infinity
171237,before god
171247,eminem
171733,drake
172048,cardi b
172097,pharrell williams
172173,nelly furtado
172309,wiz khalifa
172606,hungria
172686,kendrick lamar
172811,emicida
172982,projota
173148,sean paul
173338,tribo da periferia
173495,puff daddy
173603,xxxtentacion
173717,frank ocean
173830,velozes e furiosos
173886,ja rule
174053,gorillaz
174221,gabriel pensador
174337,oriente
174401,big sean
174514,travis scott
174582,sean kingston
174672,criolo
174753,marcelo d2
174880,matue
174906,mary j blige
175197,j cole
175366,powfu
175428,dj khaled
175565,mac miller
175808,sabotage
175852,iggy azalea
175977,flora matos
176057,pollo
176112,faccao central
176236,gym class heroes
176295,conecrewdiretoria
176376,daddy yankee
176604,kehlani
176690,fat joe
176834,duquesa
176838,timbaland
176982,pop smoke
177082,bonde da stronda
177257,t pain
177418,ashanti
177581,21 savage
177630,rashid
177757,mv bill
177865,tinashe
178009,pj morton
178049,calle 13
178147,chamillionaire
178341,snoop dogg and wiz khalifa
178355,realidade cruel
178439,wale
178541,nate dogg
178632,karol conka
178692,tyga
178844,fort minor
178882,tory lanez
178999,bow wow
179146,beastie boys
179334,big bang
179509,linkin park jay z
179516,jhene aiko
179613,2 chainz
179737,pacificadores
179835,the game
180066,g unit
180155,wu tang clan
180296,lil jon the east side boyz
180382,grits
180413,twista
180538,lk 3030
180540,jay z kanye west
180556,eamon
180590,gucci mane
180798,d12
180915,travie mccoy
180938,ray j
181002,jay sean
181110,chance the rapper
181171,the lonely island
181225,e 40
181414,omarion
181548,common
181697,jamie foxx
181788,little simz
181842,wyclef jean
181977,bad meets evil
182000,tulio dek
182018,starboi3
182019,fuse
182065,iyaz
182089,lloyd banks
182212,c4bal
182354,cl a posse
182355,tinie tempah
182403,baby boy da prince
182412,slim rimografia
182465,karmin
182524,dudu mc
182527,xzibit
182670,vince staples
182732,travis barker
182753,felipe flip
182761,jadakiss
182809,kroz
182824,levi avelino
182825,colby o donis
182854,elijah who
182861,bebe salvego
182862,eladio carrion
182906,cyber
182937,coutinho mc
182939,gemini kor
182949,obie trice
183023,plies
183109,yung joc
183146,christina milian
183208,slum village
183239,rene fellix
183247,yusei
183253,vloudy
183255,jhef
183278,mystikal
183358,young money
183387,ester dean
183424,cristal
183429,digga d
183441,danilo todie
183473,cris snj
183474,otrafitta
183475,flobots
183506,kris kross
183515,jeezy
183522,muleca xiii
183524,nickz
183568,wakayk
183585,jhonis
183586,bronx hip hop
183592,rick rock
183596,john cena
183617,welisson
183622,mindless behavior
183653,buddy oficial
183658,hoodie allen
183718,rakyn
183741,michael nery
183753,luiz o visitante
183785,lucas hakai
183817,mack maine
183854,familia free rap
183855,guiga
183867,gbl
183869,irmandade negra
183875,the malokeiroh
183890,nabylla
183891,twenty88
183899,us kings
183933,short dawg
183940,kira brasil
183944,rylo rodriguez
183945,blake lewis
183992,danny brown
184022,celeste mc
184029,intensity
184030,nova patria hip hop
184048,nymano
184064,g98 rap
184070,gudda gudda
184085,everything everything
184147,selva
184159,coldplay
184391,imagine dragons
184521,lana del rey
184832,arctic monkeys
184960,oasis
185122,hozier
185159,the neighbourhood
185245,melanie martinez
185346,r e m
185596,foster the people
185662,the ting tings
185693,radiohead
185897,twenty one pilots
185982,keane
186106,lorde
186177,alessia cara
186244,kings of leon
186356,the killers
186493,muse
186639,the strokes
186729,the smiths
186806,bastille
186924,marina
187057,gotye
187092,troye sivan
187164,of monsters and men
187209,tame impala
187277,fun
187308,morrissey
187583,marina sena
187602,the 1975
187698,mitski
187767,weezer
188036,mgmt
188096,silva
188196,alt j
188243,portugal the man
188339,supercombo
188412,supergrass
188512,the arcade fire
188621,the xx
188666,the hives
188756,young the giant
188812,the bravery
188856,lykke li
188926,franz ferdinand
189017,two door cinema club
189078,noel gallagher
189141,alex turner
189147,the kooks
189278,m83
189365,the cardigans
189450,beck
189774,walk the moon
189835,empire of the sun
189872,james
190033,sonic youth
190260,marcelo camelo
190296,belle sebastian
190473,wombats
190546,interpol
190629,the last shadow puppets
190665,phoenix
190726,still corners
190756,band of horses
190826,the national
190965,cat power
191118,peter bjorn and john
191197,metronomy
191251,phantogram
191302,declan mckenna
191342,kaiser chiefs
191462,death cab for cutie
191621,wolf alice
191674,public
191678,prefab sprout
191799,the fratellis
191875,dirty projectors
191923,neon trees
191974,balthazar
192031,the jesus and mary chain
192189,the drums
192233,the pains of being pure at heart
192272,the flaming lips
192467,sigur ros
192519,yeah yeah yeahs
192598,nada surf
192690,the vaccines
192765,my bloody valentine
192837,the magnetic fields
192997,st vincent
193097,tegan and sara
193241,kasabian
193328,kate nash
193423,the shins
193482,pavement
193582,spoon
193705,the war on drugs
193742,cansei de ser sexy
193804,caroline polachek
193845,white lies
193901,foals
193978,primal scream
194089,kimbra
194149,bright eyes
194372,boogarins
194414,angie
194466,the civil wars
194500,elbow
194623,bloc party
194718,the raconteurs
194757,fountains of wayne
194854,lush
194918,the las
194933,bombay bicycle club
194995,courtney barnett
195036,perfume genius
195116,bakar
195139,lights
195200,spiritualized
195289,vivendo do ocio
195345,yuna
195379,the stone roses
195432,luc ivor
195437,karola nunes
195451,the decemberists
195585,sebadoh
195729,the naked and famous
195783,sleigh bells
195849,cloud in tears
195856,ride
195929,mauricio pereira
195983,beulah
196032,miles kane
196080,editors
196172,the maccabees
196220,vampire weekend
196279,one night only
196323,resa saffa park
196324,the kills
196425,the moldy peaches
196449,teenage fanclub
196615,the get up kids
196711,bedhead badhead
196721,blossoms
196756,sunny day real estate
196806,she him
196887,animal collective
197025,klaxons
197060,puma blue
197075,turin brakes
197133,toro y moi
197200,pinback
197273,ian brown
197343,johnny marr
197404,balara
197418,the airborne toxic event
197454,glasvegas
197473,fiji blue
197475,super furry animals
197626,guided by voices
198247,rivvrs
198255,ida maria
198293,deia cassali
198304,the vaselines
198324,babybird
198424,alexandra savior
198443,shelly
198445,the courteeners
198496,gustavo coimbra
198544,saint etienne
198735,lizia
198749,pedro the lion
198831,the glitch mob
198870,97
198879,the horrors
198930,wavves
198964,destroyer
199045,akeem music
199059,luna
199138,real estate
199180,canto dos malditos na terra do nunca
199198,sea power british sea power
199276,kurt vile
199314,graham coxon
199385,tennis
199419,clap your hands say yeah
199459,banda monte cristo
199462,vitor de martinelli
199580,o elevador
199595,another sky
199619,melon
199648,dan auerbach
199671,dum dum girls
199692,david vieira asevedo
199734,mum
199774,heavenly 11
199820,the asteroids galaxy tour
199850,ben kweller
199915,the d e ls
199918,renato enoch
199924,band of skulls
199948,fabio blanc
199986,sad boy
199987,banda efemero
199997,atlas genius
200019,nevilton
200060,the automatic
200095,apples in stereo
200162,efemera
200173,drowned men
200176,nine inch nails
200341,ministry
200463,swans
200589,cancoes populares
200639,galinha pintadinha
200695,o rei leao
200779,carrossel
200831,palavra cantada
200964,mundo bita
201045,pokemon
201287,a turma do balao magico
201378,eliana
201590,masha e o urso
201602,barbie e o castelo de diamantes
201680,patati patata
201805,turma do chaves
201867,trem da alegria
201995,bob esponja
202047,desenhos animados
202113,turma da monica
202184,bia bedran
202282,turma do printy
202376,gummy bear
202384,cocorico
202428,tinkerbell e o resgate da fada
202474,angelica
202645,chiquititas
202851,adriana partimpim
202893,phineas ferb
203184,alda casqueira fernandes
203212,backyardigans
203343,maisa
203370,ben 10
203372,barney e seus amigos
203429,castelo ra tim bum
203449,paquitas
203500,sitio do picapau amarelo
203537,rebecca black
203562,hi5
203699,renata randel
203701,pequeno cidadao
203708,danny pink
203744,the power puff girls
203757,doki
203768,turminha paraiso
203775,a casa amarela
203786,lazy town
203858,vitor e vitoria infantil
203871,animazoo
203872,marcela jardim
203873,felinda
203883,carol porto de arte
203889,as pequeninas
203895,baby lelei
203900,canal da lele
203915,ronei rossi
203958,paquitos
203969,ossobanda
203990,bambalalao
204000,marianna santos
204002,o teatro magico
204117,vangelis
204221,kenny g
204295,celtic woman
204397,ray conniff
204459,steve vai
204533,richard clayderman
204537,joe satriani
204759,pat metheny
204794,focus
204803,herbie hancock
204813,the ventures
204817,the shadows
204819,naruto
204959,dragon ball
205125,hikawa kiyoshi
205661,utada hikaru
205818,hatsune miku
206015,yu yu hakusho
206052,one piece
206125,one ok rock
206219,boa kwon
206555,yoasobi
206567,vocaloid
207236,ikimono gakari
207334,bleach anime
207405,death note
207426,asian kung fu generation
207552,yui
207648,maximum the hormone
207687,x japan
207741,hironobu kageyama
207856,gazette
208037,hihi puffy amiyumi
208221,morning musume
208450,anna tsuchiya
208512,full metal alchemist
208554,nightmare
208714,flow
208842,kamen rider black
208882,yorushika
208894,ayumi hamasaki
209171,porno graffiti
209254,crystal kay
209373,ai
209459,dreams come true
209579,tvxq
209777,versailles
209833,deathgaze
209886,zard
209992,aqua timez
210069,max j pop
210162,fairy tail
210221,ayaka
210284,mika nakashima
210389,the pillows
210596,uverworld
210704,rira ikuta
210706,aoyama thelma
210724,shinsei kamattechan
210727,dir en grey
210881,nico touches the walls
210960,d japao
211038,mr children
211180,olivia lufkin
211254,scandal j pop
211303,sid
211423,bz
211632,home made kazoku
211686,do as infinity
211794,arashi
212019,glay
212163,miyavi
212264,girugamesh
212328,ranma 12
212406,exile
212538,namie amuro
212767,jam project
212876,hide
212909,mizuki nana
212995,tokio
213136,yuko ando
213166,sakamoto maaya
213302,onitsuka chihiro
213354,an cafe
213462,perfume
213546,shiina ringo
213601,ken hirai
213676,mikuni shimokawa
213704,itou kanako
213735,judy and mary
213767,misia japao
213838,hiroshi kitadani
213847,domino jpop
213849,meisa kuroki
213883,ichirou mizuki
213915,kat tun
214031,12012
214148,minami kuribayashi
214177,da pump
214207,frank sinatra
215035,louis armstrong
215148,sade adu
215219,nat king cole
215482,ella fitzgerald
215904,billie holiday
216200,diana krall
216374,jamie cullum
216486,tony bennett
216618,tony bennett lady gaga
216653,chet baker
216699,al jarreau
216783,miles davis
216881,egberto gismonti
216902,etta jones
216976,azymuth
216978,esperanza spalding
217006,duke ellington
217041,john coltrane
217051,abbey lincoln
217088,george duke
217105,ze ricardo
217126,john pizzarelli
217195,maysa leak
217202,rei lacoste
217211,freddie hubbard
217212,al di meola
217221,roberto carlos
217825,erasmo carlos
218168,renato e seus blue caps
218324,the fevers
218535,os incriveis
218579,jerry adriani
218709,musicas jovem guarda
218731,diana
218793,ronnie von
218945,wanderley cardoso
219021,wanderlea
219101,trio esperanca
219213,golden boys
219260,leno e lilian
219299,joelma
219309,the originals brasil
219345,bts
219635,rose blackpink
219637,exo
219792,shinee
220004,seventeen
220134,super junior
220454,chungha
220501,ss501
220583,4minute
220662,wonho
220680,fx
220761,t ara
220870,kard
220896,mark tuan
220902,infinite
221025,2 am
221090,beastb2st
221226,teen top
221312,kara
221423,24k
221445,anselmo ralph
221556,claudia caramelo
221572,suzanna lubrano
221592,yola semedo
221609,to semedo
221631,aristides
221632,90sflav
221638,kudasai
221648,wys
221659,dreamer boy
221662,mateus pedrosa
221673,dois sois
221679,visao de mundo
221685,marchinhas de carnaval
222467,raul seixas
222682,gal costa
223087,caetano veloso
223634,marisa monte
223794,chico cesar
223916,milton nascimento
224225,maria bethania
224845,roupa nova
225106,nando reis
225265,djavan
225529,gilberto gil
226043,ana carolina
226221,tim maia
226484,rita lee
226783,maria gadu
226884,cazuza
227008,gonzaguinha
227161,fagner
227482,iza
227523,renato russo
227584,fabio jr
227844,alcione
228246,belchior
228363,alceu valenca
228619,paralamas do sucesso
228843,kid abelha
229003,cassia eller
229146,vanessa da mata
229269,oswaldo montenegro
229580,los hermanos
229662,toquinho
229809,nelson goncalves
230117,jorge vercilo
230266,adriana calcanhoto
230482,moacyr franco
230813,lenine
230992,jorge ben jor
231247,zeca baleiro
231539,sandy
231636,simone
232007,guilherme arantes
232258,emilio santiago
232460,ney matogrosso
232812,ivan lins
233030,tribalistas
233056,geraldo azevedo
233149,flavio venturini
233280,mark j
233299,barbara dias
233320,beto guedes
233403,fafa de belem
233687,marina lima
233878,joao bosco
234135,vander lee
234223,nana caymmi
234425,leoni
234518,moraes moreira
234646,zizi possi
234910,zelia duncan
235150,ceu
235249,leila pinheiro
235483,ana carolina seu jorge
235499,luiz melodia
235655,tie
235721,marcelo jeneci
235769,luiza possi
235915,mpb4
236024,roberta campos
236098,lo borges
236197,paulinho moska
236331,kleiton e kledir
236410,cauby peixoto
236653,isabella taviani
236760,cicero
236813,paulo diniz
236855,marina elali
236905,roberta sa
237034,luciana mello
237117,pedro mariano
237235,tulipa ruiz
237279,boca livre
237344,walter franco
237404,cassiano
237449,dalto
237480,banda do mar
237492,mariana aydar
237541,ana canas
237637,tete espindola
237711,itamar assumpcao
237811,gaia pia
237850,fernanda takai
237924,rodrigo alarcon
237939,orlando morais
237990,nicolas germano
237999,sergio ricardo
238090,jards macale
238149,filipe catto
238223,wilson simoninha
238273,trio popular e sertanejo da banda ze mariano junior
238304,leo pinheiro
238361,grupo soulblack
238363,claudia
238451,dessa allmeida
238453,bea duarte
238458,rosa passos
238548,especial de ano todo
238559,olivia byington
238583,anna cintia
238587,antonio adolfo leila pinheiro
238602,antonio maria
238607,lilian
238621,juliana cortes
238646,nanalu
238649,raissa lopes
238661,talita caldas
238663,helena elis
238694,lucas santana
238731,cida airam
238743,berlinques
238747,mauro cesar
238765,angelo paes leme
238775,caio
238788,magi
238795,erica santos
238807,davi cartaxo
238809,erico moreira
238811,fabio lacerda
238816,bianca jobim
238819,sulimar rass
238828,luca argel
238851,carol soares
238853,larissa brum
238854,cerebro eletronico
238879,varal estrela
238889,thiago motta
239018,marina kalil
239021,rodrigo stark
239022,gaucho da fronteira
239167,tche campeiro
239185,enigma
239301,sandra
239422,mike oldfield
239503,yanni
239555,sagrado coracao da terra
239584,fortuna
239619,corciolli
239629,kitaro
239654,the police
239719,depeche mode
239913,duran duran
240133,inxs
240279,blondie
240428,berlin
240529,simple minds
240698,joy division
240750,elvis costello
241274,spandau ballet
241328,talking heads
241421,the b 52s
241498,human league
241589,the cars
241675,go gos
241733,gang 90 absurdetes
241750,devo
241900,real life
241940,a flock of seagulls
241986,gary numan 11
242228,japan
242269,associates
242308,kajagoogoo
242325,raca negra
242609,sorriso maroto
242840,thiaguinho
243050,exalta samba
243293,belo
243542,turma do pagode
243737,grupo revelacao
243940,zeca pagodinho
244265,pixote
244439,pericles
244604,arlindo cruz
244813,so pra contrariar
244972,fundo de quintal
245290,nosso sentimento
245391,alexandre pires
245589,art popular
245803,grupo menos e mais
245816,bezerra da silva
246111,soweto
246194,imaginasamba
246356,jeito moleque
246464,bokaloka
246582,mumuzinho
246669,grupo ta na mente
246747,molejo
246868,pique novo
246984,sensacao
247109,os travessos
247256,rodriguinho
247384,grupo bom gosto
247481,sampa crew
247675,katinguele
247813,pagode pra namorar
247823,grupo doce encontro
247895,inimigos da hp
248000,grupo disfarce
248056,gustavo lins
248181,swing simpatia
248287,sem compromisso
248386,grupo pra valer
248428,suel
248491,guga nandes
248498,negritude junior
248589,karametade
248666,tiaguinho e rodriguinho
248678,samprazer
248759,netinho de paula
248815,so preto sem preconceito
248839,tenta samba
248900,kiloucura
248949,grupo e d
249031,nuwance
249089,refla
249134,grupo opcao 3
249176,tempero
249244,vou zuar
249257,grupo envolvencia
249262,grupo pedindo bis
249320,sociedade do samba
249373,samba livre
249424,atitude 4
249485,na hora h
249524,grupo sambai
249562,diggo
249565,grupo quintessencia
249591,cupim na mesa
249637,nosso tom
249682,grupo zueira
249752,grupo y no
249756,grupo clima diferente
249772,grupo sou muleke
249804,intuicao
249829,jhonatan alexandre
249832,se ativa
249863,ex e ex
249865,grupo geracao
249888,grupo percepcao
249932,fantasmao
249992,a bronkka
250060,jecy
250066,black samba
250072,a filha do coroa
250076,rafael passos
250113,grupo batuque
250114,pura inocencia
250163,grupo referencias
250179,pura cadencia
250227,ghetto e ghetto
250244,grupo facanha
250256,grupo introducao
250276,grupo tykere
250295,pedro felipe
250297,grupo sem razao
250305,grupo nossa paixao
250311,grupo lucidez
250327,da cor do prazer
250349,mulekagem
250376,brigadeiro
250380,grupo show de bola 2
250392,tico tiradentes
250502,projeto feijoada
250513,grupo piracao
250525,fino trato
250552,billy joel
250715,the fray
250787,thirteen senses
250833,ben folds
250905,ben folds five
251002,mae
251101,something corporate
251163,adele
251243,pink
251430,maroon 5
251598,elton john
252249,avril lavigne
252424,christina perri
252501,luisa sonza
252547,shawn mendes
252641,celine dion
253042,james arthur
253166,a ha
253312,roxette
253522,luan santana
253763,rbd
253916,tears for fears
254014,ragnbone man
254073,laura pausini
254488,colbie caillat
254591,kelly clarkson
254831,christina aguilera
255062,tiago iorc
255144,meghan trainor
255253,george michael
255382,jota quest
255541,simply red
255677,tina turner
255825,camila cabello
255906,engenheiros do hawaii
256110,robbie williams
256427,tracy chapman
256524,sandy junior
256726,skank
256867,seal
257021,little mix
257170,lifehouse
257317,supertramp
257423,joan osborne
257544,fifth harmony
257677,spice girls
257754,take that
257894,joss stone
258046,tiziano ferro
258242,lsd labrinth sia diplo
258252,glee
258943,becky g
259039,james morrison
259128,cat stevens
259293,genesis
259495,lily allen
259591,mcfly
259776,hanson
260020,dionne warwick
260118,niall horan
260155,manu gavassi
260231,gwen stefani
260313,leona lewis
260427,klb
260556,rita ora
260621,westlife
260862,crowded house
260957,erasure
261174,vanessa carlton
261259,christopher cross
261326,bread
261426,the corrs
261575,paulo ricardo
261721,sara bareilles
261844,new kids on the block
261952,jojo
262149,mandy moore
262274,nsync
262390,manu chao
262499,andy grammer
262563,nick jonas
262669,mike posner
262792,carole king
262936,mauricio manieri
263007,blitz
263065,cine
263130,julieta venegas
263284,jordin sparks
263370,violetta
263469,he is we
263499,adam lambert
263623,big time rush
263714,restart
263776,janet jackson
264011,mika
264131,broz
264166,reik
264276,austin mahone
264368,five
264455,maite perroni beorlegui
264499,the ronettes
264528,natasha bedingfield
264618,marjorie estiano
264676,blue
264760,melanie c
264913,nancy sinatra
264965,danni carlos
265029,felipe dylon
265079,supremes
265318,belinda
265431,frankie goes to hollywood
265461,luka
265513,alvin the chipmunks
265584,robyn
265677,big up
265701,sugababes
265837,olly murs
265946,duffy
265984,david archuleta
266131,jesse mccartney
266243,nick carter
266304,jessica simpson
266399,neil sedaka
266472,bridgit mendler
266524,drake bell
266631,metro
266659,madness
266800,conor maynard
266860,cassie
266929,preta gil
266999,dan
267039,julie os fantasmas
267056,cheryl
267123,paula abdul
267170,camila
267223,thaeme marioto
267246,vinny
267356,kerli
267487,paulina rubio
267630,fiuk
267661,juan marcus e vinicius
267716,double suica
267718,ma
267895,liah
267963,cleo
267976,o town
268031,pedro ponde
268046,camilly victoria
268049,ariana carper
268064,alter ego
268073,greyson chance
268135,jasmine villegas
268189,paris hilton
268219,cash cash
268282,sonohra
268348,fly br
268378,bravana
268410,rick springfield
268432,mc roger
268452,charice
268527,thais moreira
268539,oliver aldrin
268554,christina grimmie
268608,joe jonas
268624,caroly
268706,raven symone
268772,the naked brothers band
268848,jose christian chavez
268883,nick cruz
268886,leandro lopes
268912,oceans
268915,matthew morrison
268939,blakkstar
268940,geri halliwell
269002,a r rahman
269063,burlesque trilha sonora
269073,cimorelli
269192,augustin bernasconi
269196,dado dolabella
269215,the cheetah girls
269284,stevens
269312,leighton meester
269344,high school musical a selecao
269367,jordan knight
269405,anggun
269472,superheavy
269485,diane warren
269499,mariana rios
269535,sterling knight
269545,ana lelia
269561,the ready set
269633,goldfrapp
269717,victoria beckham
269755,rafael barreto 2
269789,bruno miguel
269817,mario fernando
269837,felipe bittencourt
269842,corbin bleu
269876,dellima
269884,cammie
269888,beatriz messias
269894,forever in your mind
269918,nath audizio
269928,roberto maia
269964,lucas pretti
269969,mitchel musso
270013,anne m
270021,kharlles
270123,bacco
270125,deborah campioni
270134,suena conmigo
270164,rob nunes
270175,martte
270194,bruna rocha
270211,kirby
270212,jamie lynn spears
270230,daniel y enrique
270242,bow wow wow
270262,natalie la rose
270265,nathan ribeiro
270271,us5
270313,allstar weekend
270349,mattheus maximo
270411,sintonizando sonhos
270415,lou may
270432,sebah
270451,cesar tasso
270473,ov7
270645,natasha leah
270673,clara fallandes
270674,dima bilan
270739,art of noise
270758,lucca e juann
270767,gyldo
270777,sandra campos
270780,ukulele das americas
270781,lene alexandra
270785,luana costa
270795,hrodricck
270796,rodrigo junior
270804,paramore
270919,blink 182
271108,panic at the disco
271220,simple plan
271325,fall out boy
271471,nxzero
271593,plain white ts
271702,all time low
271838,sum 41
271954,yellowcard
272089,millencolin
272238,the all american rejects
272315,good charlotte
272442,strike
272491,angels and airwaves
272571,boys like girls
272616,darvin
272674,relient k
272857,new found glory
273062,44
273077,box car racer
273091,we the kings
273162,bowling for soup
273330,onedaylife
273342,son of dork
273363,apollo 11
273368,phil collins
273515,jason mraz
273745,u2
274103,legiao urbana
274222,charlie brown jr
274430,the cranberries
274566,nickelback
274682,onerepublic
274786,alanis morissette
274984,paul mccartney
275466,lenny kravitz
275657,capital inicial
275854,titas
276082,pitty
276203,goo goo dolls
276381,mamonas assassinas
276404,boyce avenue
276620,freddie mercury
276754,crepusculo trilha sonora
276835,snow patrol
276982,train
277103,mana
277236,the calling
277282,hoobastank
277404,alejandro sanz
277596,5 seconds of summer
277718,nenhum de nos
277865,sixpence none the richer
277966,ls jack
278041,the script
278108,arnaldo antunes
278310,natalie imbruglia
278412,biquini cavadao
278588,rpm
278652,sinead oconnor
278905,detonautas roque clube
279038,frejat
279108,lagum
279151,daughtry
279246,smash mouth
279338,the outfield
279418,counting crows
279542,radio taxi
279603,electric light orchestra
279935,peter gabriel
280067,gavin degraw
280157,pedra leticia
280204,ub40
280411,la oreja de van gogh
280548,garbage
280692,juanes
280824,reacao em cadeia
280908,the maine
281039,10cc
281180,mike the mechanics
281240,jay vaquer
281328,di ferrero
281349,the veronicas
281470,scracho
281539,david cook
281618,natalia lafourcade
281723,ashlee simpson
281778,the magic numbers
281833,luxuria
281849,r5
281916,josh kelley
281980,seu cuca
282046,mr gyn
282104,matheus hardke
282901,jonathan roy
282910,diwali
282944,jon mclaughlin
283032,capslock
283070,ramirez
283117,dias de truta
283232,lindsay lohan
283281,matt wertz
283352,morten harket
283433,renne fernandes
283465,alex band
283514,hot chelle rae
283558,wilson sideral
283631,k sis cassis
283657,dibob
283709,b5
283737,cinema bizarre
283777,patty smyth scandal
283808,cw7
283838,b e r
283839,viena
283856,brian wilson
284024,marie digby
284078,os seminovos
284126,metro station
284171,dnaipes
284187,orianthi
284231,building 429
284306,augustana
284371,nicole
284418,fincabaute
284443,hangar xviii
284481,lipstick
284517,banda www
284536,unidade 2
284554,zooi
284555,reeve carney
284561,jessica nicola
284577,frankkiedis
284593,nautra
284605,zona 22
284607,outside 11
284609,liv kristine
284662,ministerio nele creio
284672,mauricio leal
284679,echo and the bunnymen
284775,the stranglers
284864,cramps
284956,public image ltd
285020,psychedelic furs
285076,the specials
285151,wire
285217,killing joke
285331,magazine
285381,the sound
285408,x band
285473,godspeed you black emperor
285484,mono
285493,hoodoo gurus
285614,fastball
285685,posies
285776,enuff znuff
285891,big star
285949,smithereens
285970,rush
286149,emerson lake and palmer
286240,yes
286457,roger waters
286618,marillion
286793,os mutantes
286916,king crimson
286999,aphrodites child
287013,jon anderson
287122,opeth
287234,fish
287364,coheed and cambria
287474,the anmer
287492,suspense
287493,apocalypse
287539,the beatles
287874,donovan
288149,love
288197,dona zaira
288238,13th floor elevators
288275,nirvana uk
288285,kaleidoscope uk
288313,red hot chili peppers
288580,green day
288833,the ramones
289047,billy idol
289161,the clash
289296,misfits
289442,sex pistols
289488,os cascavelletes
289539,bad religion
289828,iggy pop
290060,patti smith
290192,rancid
290382,tequila baby
290468,plebe rude
290552,social distortion
290648,garotos podres
290709,mxpx
290958,inocentes
291063,colera
291180,die toten hosen
291501,the jam
291603,the stooges
291663,os replicantes
291748,anti flag
291940,less than jake
292137,minor threat
292162,lagwagon
292318,the vibrators
292360,extreme noise terror
292404,good riddance
292543,parentes da vitima
292568,reverend horton heat
292660,gritando hxcx
292707,dog eat dog
292751,fogo cruzado
292764,smash 11
292784,sid vicious
292793,banda paranoia
292799,the lurkers
292804,x ray spex
292832,the meteors
292879,aretha franklin
293093,marvin gaye
293275,r kelly
293591,toni braxton
293727,ray charles
294050,al green
294237,kool the gang
294270,trey songz
294559,mario
294654,dadju
294676,rick james
294809,platters
294854,fats domino
294909,eddy grant
294924,kelly rowland
295034,otis redding
295082,chuck berry
295241,amaarae
295244,sam cooke
295412,chaka khan
295613,craig david
295700,macy gray
295822,solomon burke
295855,the chi lites
295863,babyface
296180,keri hilson
296270,martha reeves and the vandellas
296291,the four tops
296321,bobby womack
296463,jon batiste
296476,fantasia
296561,bobby valentino
296647,the cover girls
296665,georgia brown
296696,josefe
296704,scarlet pleasure
296709,marvelettes
296732,booker t the mgs
296737,frankie lymon and the teenagers
296745,elli gomes
296753,6 da manha
296755,the coasters
296764,laylah arruda
296778,rodrigo ruchell
296801,pineapple
296860,filipe ret
296922,fugees
296962,los aldeanos
297192,o rappa
297289,letodie
297366,outkast
297501,dr dre
297606,costa gold
297709,coolio
297773,cartel mcs
297829,busta rhymes
298075,trilha sonora do gueto
298136,3030
298253,rael
298305,black alien
298363,the notorious b i g
298469,haikaiss
298590,dmx
298802,nas
299127,eazy e
299186,planet hemp
299237,cupcakke
299331,cypress hill
299484,bone thugs n harmony
299706,espaco rap
299730,n w a
299770,dexter
299797,public enemy
299959,lil kim
300213,thiagao e os kamikazes do gueto
300256,ndee naldinho
300301,ludacris
300483,class a
300498,run dmc
300605,a286
300667,atitude feminina
300687,snj
300718,expressao ativa
300751,inquerito
300815,mc marechal
300843,lupe fiasco
300959,509 e
300994,mos def
301080,face da morte
301129,start
301171,mobb deep
301332,mc fox
301363,kamau
301415,naughty by nature
301462,rzo
301505,shawlin
301556,consciencia x atual
301580,eric b amp rakim
301592,ll cool j
301762,missy elliott
301918,a tribe called quest
302024,detentos do rap
302061,rappin hood
302092,dalsin
302156,jazzy jeff and the fresh prince
302223,lil tecca
302262,pentagono
302300,t h mc
302313,de la soul
302457,afrika bambaataa
302466,whodini
302474,a familia
302498,neuronio sub consciente
302536,guindart 121
302564,lil yachty
302630,patrick horla
302643,tonzim
302676,boss ac
302743,ogi
302773,slick rick
302821,mohud
302824,contra fluxo
302844,desce a letra
302862,palhaco assassino
302878,de leve
302924,ice t
303038,grandmaster flash
303054,bow wow omarion
303067,scarface
303167,nega gizza
303177,boogie down productions
303252,danito
303284,kool moe dee
303316,yannick hara
303331,codigo penal
303342,xis
303358,kurtis blow
303372,digital underground
303426,jermaine dupri
303484,sifra
303503,onyx
303566,master p
303793,potencial 3
303817,chip
303857,digable planets
303863,mrn
303867,epmd
303975,dmn
303999,azizi gibson
304012,leonel tir na nog
304113,biz markie
304141,preto branco
304172,benny mayne
304174,dipset
304258,bob marley
304436,soja soldiers of jah army
304544,israel kamawiwoole
304572,jimmy cliff
304619,natiruts
304749,magic 11
304790,maneva
304874,cidade negra
305008,armandinho
305098,ben harper
305265,alpha blondy
305361,chimarruts
305434,ponto de equilibrio
305512,onze20
305569,edson gomes
305657,shaggy
305743,sublime
305841,dazaranha
305943,ventania
305978,lucky dube
306089,tribo de jah
306255,dread mar i
306369,planta raiz
306474,ziggy marley
306645,dezarie
306677,matisyahu
306756,peter tosh
306833,papas da lingua
306905,inner circle
306928,groundation
307019,damian marley
307086,mato seco
307141,gregory isaacs
307158,maskavo
307232,steel pulse
307352,311
307560,adao negro
307639,ivo mozart
307669,alborosie
307714,big mountain
307753,the gladiators
307815,filosofia reggae
307843,edu ribeiro e cativeiro
307870,slightly stoopid
307975,toots and the maytals
308015,zona ganjah
308072,macucos
308122,manitu
308185,midnite
308221,salomao do reggae
308250,kuase nada
308270,rebelution
308316,ben roots
308352,maxi priest
308376,pato banton
308391,eric donaldson
308413,monte zion
308440,burning spear
308504,felipe silva zion
308512,leoes de israel
308534,kymani marley
308545,lee perry
308552,black uhuru
308590,groovi
308596,to fly
308623,nego blue
308636,brisadub sounds
308641,yeman jah
308650,gui brandao
308651,taty e vitor
308664,don omar
308870,ozuna
308973,nicky jam
309177,cali y el dandee
309229,wisin y yandel
309522,gente de zona
309569,ivy queen
309643,chapa c
309700,tito el bambino
309816,tego calderon
309921,lucenzo
309937,vico c
310048,zyon y lennox
310180,tainy
310193,rakim y ken y
310274,alexis y fido
310337,anuel aa ozuna
310349,nejo
310412,j alvarez
310488,jowell randy
310551,trebol clan
310582,dyland lenny
310590,tony dize
310639,eddie dee
310673,luny tunes
310705,baby rasta gringo
310819,hector y tito
310880,flex nigga
310920,banda calypso
311229,baitaca
311376,teixeirinha
311876,os serranos
312029,barrerito
312142,luiz marenco
312333,xiru missioneiro
312594,os monarcas
312698,gildo de freitas
312867,rolando boldrin
313010,cesar oliveira e rogerio mello
313187,grupo rodeio
313269,jairo lambari fernandes
313330,joca martins
313477,ita cunha
313493,howay
313511,john lennon
313646,bryan adams
313918,rod stewart
314371,creed
314428,4 non blondes
314443,dire straits
314507,david bowie
314970,bruce springsteen
315476,dido
315576,3 doors down
315668,chris isaak
315811,nazareth
316082,thirty seconds to mars
316171,barao vermelho
316333,the verve
316411,ira
316561,the animals
316669,incubus
316798,men at work
316832,velhas virgens
316978,beach boys
317319,santana
317592,no doubt
317715,the who
317965,alter bridge
318062,liam gallagher
318096,kt tunstall
318203,chris cornell
318289,sheryl crow
318442,ultraje a rigor
318532,the white stripes
318647,pato fu
318793,deftones
318958,velvet underground
319032,zz top
319208,seether
319333,tom petty and the heartbreakers
319535,lobao
319655,thousand foot krutch
319764,lou reed
319987,the cult
320123,matchbox 20
320194,camisa de venus
320290,staind
320388,jet
320442,bush
320574,stevie nicks
320699,janes addiction
320758,sarah mclachlan
320886,stereophonics
321073,malta
321124,slade
321320,tnt brasil
321377,blur
321555,emmerson nogueira
321651,10000 maniacs
321761,aliados
321836,tihuana
321909,ritchie valens
321922,nacao zumbi
322016,fiona apple
322093,supernatural serie
322178,esteban
322242,shinedown
322329,puddle of mudd
322407,jimmy eat world
322560,needtobreathe
322665,eagle eye cherry
322732,bens brother
322750,oar
322854,o surto
322887,michelle branch
322964,cliff richard
323244,grand funk railroad
323356,meredith brooks
323415,ryan adams
323646,hinder
323691,badfinger
323811,stray cats
323908,jerry lee lewis
324087,pat benatar
324217,autoramas
324291,poets of the fall
324379,cachorro grande
324479,wwe
324619,scott stapp
324659,marcelo nova
324720,theory of a deadman
324817,banda topaz
324872,buddy holly
324928,bill haley his comets
324950,smith kotzen
324960,scars on broadway
324986,steven tyler
325009,faces
325054,aborto eletrico
325090,the red jumpsuit apparatus
325174,anberlin
325272,tori amos
325563,sixx a m
325622,chantal kreviazuk
325695,the trashmen
325701,everclear
325834,ted nugent
325891,marianne faithfull
326139,wolfmother
326172,the lemonheads
326297,natalie merchant
326403,johnny winter
326511,warren zevon
326658,abril
326694,steve earle
326933,the donnas
327057,moptop
327088,sublime with rome
327102,small faces
327147,michael kiske
327199,revolverheld
327263,carbona
327388,juliette lewis and the licks
327429,adrian suirady
327450,leela
327499,low
327644,crazy horse
327647,beady eye
327680,the vines
327764,joe perry project
327809,eddie cochran
327835,andrew w k
327866,the good the bad the queen
327889,banda mantra
327895,falling up
327957,monks
327969,nove mil anjos
327984,the panic channel
327997,apoema
328002,augusto angeluz
328039,cage the elephant
328109,travis
328271,pixies
328401,zimbra
328446,morphine
328502,the church
328700,moveis coloniais de acaju
328752,sunset sons
328766,beatrix
328791,sleater kinney
328919,ndk
328959,roy orbison
329400,shakin stevens
329459,the everly brothers
329513,imelda may
329539,rocky burnette
329540,carl perkins
329569,gene vincent
329624,the baseballs
329676,james intveld
329704,ronnie self
329709,zeze di camargo e luciano
330175,sam smith
330251,jorge e mateus
330518,bruno e marrone
330905,gusttavo lima
331235,carlos santorelli
332138,milionario e jose rico
332485,lionel richie
332606,ze neto e cristiano
332746,jose augusto
333083,carla bruni
333159,temas de filmes
333798,amado batista
334184,leandro leonardo
334390,daniel
334782,air supply
334986,rick e renner
335334,leonardo
335736,michael bolton
335960,luis miguel
336205,eros ramazzotti
336467,julio iglesias
336854,cristiano araujo
336961,cesar menotti fabiano
337268,joao neto frederico
337498,lara fabian
337681,marcos e belutti
337850,lucas lucco
337990,agnaldo timoteo
338440,guilherme e santiago
338695,pablo
338819,odair jose
338999,fernando mendes
339116,israel e rodolffo
339307,felipe araujo
339389,antonio marcos
339597,wando
339752,nelson ned
339944,leo magalhaes
340076,barry manilow
340406,henrique e diego
340507,humberto e ronaldo
340670,paulo sergio
340867,elimar santos
341041,ze henrique e gabriel
341196,novo som
341310,um amor para recordar
341323,conrado e aleksandro
341465,renan e rai
341507,waldick soriano
341635,gilliard
341840,cidia e dan
341904,fina estampa novela
341936,barto galeno
342028,a favorita novela
342071,israel novaes
342172,tania mara
342254,banda nashville
342323,perla
342444,tony carreira
342611,silvano salles
342731,fred e gustavo
342837,viver a vida novela
342872,christian e cristiano
342918,tititi
342975,adriana romantica
343026,katia
343085,luciano costa
343115,adair cardoso
343182,helene
343281,roselia sousa oliveira
343305,israel lucero
343331,sandro e gustavo
343347,ornella di santis
343356,assis cavalcanti
343425,luana e luara
343428,victor chaves
343438,caco de castro
343439,clidenor moreira
343450,jorge aragao
343625,martinho da vila
343849,diogo nogueira
344003,reinaldo
344104,benito di paula
344335,clara nunes
344554,beth carvalho
344810,elza soares
345041,dudu nobre
345150,almir guineto
345228,martnalia
345318,cartola
345411,paulinho da viola
345572,carmen miranda
345698,agepe
345864,dorival caymmi
345953,os originais do samba
346016,demonios da garoa
346152,leci brandao
346324,roberto ribeiro
346472,noel rosa
346630,pixinguinha
346661,jair rodrigues
346791,neguinho da beija flor
346862,adoniran barbosa
346966,dalva de oliveira
347194,joao nogueira
347307,braguinha
347332,teresa cristina
347459,sambo
347535,dona ivone lara
347622,jovelina perola negra
347693,francisco alves
347830,orlando silva
347918,ataulfo alves
348108,ary barroso
348264,moreira da silva
348319,miltinho
348371,nelson cavaquinho
348506,chrigor
348544,clementina de jesus
348588,leandro sapucahy
348633,candeia
348699,jamelao
348753,herivelto martins
348786,marlene
348820,aracy de almeida
348871,nelson sargento
348924,flavio cardoso
348935,elton medeiros
348952,quinteto em branco preto
349027,donga
349030,velha guarda da portela
349077,partido em 5
349079,biro do cavaco
349120,ismael silva
349157,wilson das neves
349176,juliana diniz
349193,mario reis
349219,assis valente
349227,ivanildo lima do samba
349250,grupo fina batucada
349253,samba de rainha
349291,g r e s academicos do grande rio
349325,g r e s gavioes da fiel
349360,g r e s academicos do salgueiro
349430,g r e s estacao primeira de mangueira
349500,g r e s portela
349565,g r e s beija flor de nilopolis
349619,g r e s uniao da ilha do governador
349668,g r e s mocidade independente de padre miguel
349723,g r e s imperatriz leopoldinense
349784,g r e s unidos do viradouro
349813,g r e s estacio de sa
349859,rosas de ouro
349898,g r e s unidos de vila isabel
349951,g r e s unidos da tijuca
349994,g r c e s mancha verde
350019,camisa verde e branco
350060,nene de vila matilde
350095,g r c e s mocidade alegre
350125,imperio da tijuca
350163,g r c e s vai vai
350189,g r e s sao clemente
350248,unidos de vila maria
350276,imperio da casa verde
350296,unidos do peruche
350315,porto da pedra
350334,g r e s paraiso do tuiuti
350365,aguia de ouro
350409,academicos do tucuruvi
350435,g r c e s x 9 paulistana
350464,tom maior
350484,g r e s perola negra
350497,imperador do ipiranga
350513,g r e s renascer de jacarepagua
350521,marilia mendonca
350644,henrique e juliano
350869,matheus e kauan
351035,matogrosso mathias
351327,tiao carreiro e pardinho
351740,trio parada dura
352109,gian e giovani
352391,christian ralf
352616,joao mineiro e marciano
352858,di paullo e paulino
353056,simone e simaria
353232,chico rey e parana
353467,teodoro e sampaio
353917,almir sater
354049,rio negro e solimoes
354315,tonico e tinoco
354857,fernando e sorocaba
355114,joao paulo e daniel
355235,gino e geno
355582,lourenco lourival
356082,cezar paulinho
356486,sergio reis
356857,pedro bento e ze da estrada
357238,roberta miranda
357525,michel telo
357639,gilberto e gilmar
357969,jads jadson
358122,maria cecilia e rodolfo
358277,liu leu
358561,bruno e barretto
358646,leo canhoto e robertinho
358905,cleber e cauan
358992,jaco e jacozinho
359234,goiano paranaense
359333,pena branca e xavantinho
359450,jayne
359612,felipe e falcao
359786,duduca e dalvan
359949,althair alexandre
360252,george henrique e rodrigo
360339,alan aladim
360476,cleiton e camargo
360596,zilo e zalo
360875,mayck e lyan
360926,grupo tradicao
361111,tibagi e miltinho
361296,banda san marino
361411,paraiso novela
361433,os filhos de goias
361543,dino franco mourai
361715,gabriel diniz
361937,ze mulato cassiano
362072,ze fortuna pitangueira
362256,bruninho e davi
362348,tche garotos
362495,irmas freitas
362673,sulino e marrueiro
362835,ze tapera e teodoro
362969,abel caim
363193,hugo e tiago
363301,ze carreiro e carreirinho
363414,brenno reis marco viola
363525,emilio eduardo
363632,adalberto adriano
363756,clayton e romario
363810,joao marcio e fabiano
363875,janaynna targino
363950,marlon e maicon
364057,mococa e paraiso
364217,corpo e alma
364329,zeze di camargo
364333,musical san francisco
364419,raul torres e florencio
364506,marcos e fernando
364648,palmeira e bia
364714,douglas e vinicius
364740,antony e gabriel
364788,kleo dibah rafael
364845,relber e allan
364904,racyne e rafael
364976,gabriel gava
365065,cacula marinheiro
365313,carlito e baduy
365381,andre e adriano
365477,joao pedro e cristiano
365572,thassio oliveira
365611,ze ricardo e thiago
365682,pedro e thiago
365756,hugo e gabriel
365774,rodrigo freitas e xavier
365807,rayane e rafaela
365822,dalvan
365966,so modao
365970,alan e alex
366019,sula miranda
366135,hugo pena
366156,don e juan
366189,tiao carreiro paraiso
366251,chiquito e bordoneio
366329,marco maario
366397,pedro paulo e matheus
366454,carlos cezar e cristiano
366535,vanoly cigano
366544,joao ricardo e manoel
366807,joao lucas e marcelo
366850,mariana e mateus
366905,guilherme e gustavo
366947,luiz claudio e giuliano
367022,lucas e gabriel
367024,delley dorivan
367065,victor e matheus
367135,gabriel
367208,carlos magno borges
367268,marcelinho de lima e camargo
367338,cacio e marcos
367374,patricia e adriana
367421,gabi lima
367423,eric e matheus
367464,pedro henrique e fernando
367502,vando moura e rafael
367529,bruna goncalves
367532,ellens
367560,teo e edu
367622,ronny e rangel
367683,iane bianca
367692,diego e gabriel
367722,breno e caio cesar
367804,gustavo toledo e gabriel
367809,alecir alessandro
367858,edu e renan
367890,joao lucas e walter filho
367923,paiozinho e ze tapera
367970,matheus valente
367981,dlucca e gabriel
367998,ricardo e joao fernando
368071,pena branca
368077,juliani e bruno
368091,bruna pinheiro
368122,vitor e cadu
368149,lelles e leonardo
368192,leo e giba
368251,adson e alana
368318,junior magalhaes
368331,luiz fernando e israel
368362,marcelo e matteo
368372,william couto adriano
368378,filipe labre
368406,kaian muniz
368418,edu e maraial
368542,dhonatan coelho
368577,alex e willian
368593,rodrigo e ravel
368614,edson e vinicius
368637,emerson e jean
368642,roger rogerio
368708,edson cadorini
368725,helton lima
368747,renan rafael
368775,raquel lidia
368777,llypeh
368781,geovany reis e fabricio
368801,joao marcos e matheus
368845,alex e alessandro
368871,talles guimaraes
368907,dudu di valenca e rodrigo
368955,rud e robson
368996,matheus minas e leandro
369011,joao fernando e gabriel
369036,davi e fernando
369084,bernardo rafael
369086,joao anesi
369088,dechris
369096,ronny e max
369134,geici gomes
369135,lucas e felipe
369172,luna e vitoria
369178,nelson e davi
369199,theo andrade
369200,bonni e belluco
369214,rick e nogueira
369215,leo rodriguez
369263,andre e cauan
369270,apolo e felipe
369275,dany denys
369288,rafael frare
369291,goldfinger
369416,reel big fish
369526,athena
369557,fishbone
369657,the english beat
369703,bad manners
369712,chris de burgh
369900,foreigner
370006,the carpenters
370216,james taylor
370461,chicago
370746,lobo
370871,america
371088,corinne bailey rae
371147,cee lo
371262,smokey robinson miracles
371332,billy paul
371356,hathaway donny
371373,ben loncle soul
371397,war
371421,janelle monae
371505,luther vandross
371667,fernanda abreu
371764,spinners
371778,hyldon
371823,aaron neville
371958,candi staton
371971,mayer hawthorne
372037,berimbrown
372057,cameo
372071,ida corr
372079,raphael saadiq
372154,mavis staples
372178,banda brilho
372180,stonekeepers
372181,the dells
372186,donavon frankesnreiter
372239,the beautiful girls
372295,rub
372321,alphaville
372463,secret service
372490,soft cell
372539,bronski beat
372564,scooter
372683,banda uo
372724,orchestral manoeuvres in the dark o m d
372837,la roux
372872,ultravox
372944,justice
372980,marc almond
373179,lime
373181,dash berlin
373202,fragma
373230,henrique camacho
373232,andain
373241,astrix
373250,kyau vs albert
373261,oceanlab
373277,sister act
373305,guardioes da galaxia trilha sonora
373331,shrek
373382,bbb
373403,friends
373480,the greatest showman o rei do show
373492,cinquenta tons de cinza
373549,frozen trilha sonora
373610,shingeki no kyojin
373630,como eu era antes de voce
373637,caminho das indias novela
373686,grease
373728,malhacao
374119,piratas do caribe
374180,rio filme
374192,mamma mia
374235,moulin rouge soundtrack
374257,duas caras novela
374298,os cavaleiros do zodiaco
374400,avenida brasil novela
374450,looney tunes songs
374493,madagascar
374511,one tree hill
374535,insensato coracao novela
374595,if i stay se eu ficar
374602,cabocla
374616,valente brave
374639,gossip girl
374680,teen beach moviefilme
374704,a princesa e o sapo
374725,smallville
374760,encantada
374781,a culpa e das estrelas
374797,the hunger games jogos vorazes
374846,paraiso tropical
374882,belissima internacional
374897,transformes
374927,as cronicas de narnia
375009,a feia mais bela
375042,c s i
375046,a knights tale coracao de cavaleiro
375056,cheias de charme novela
375091,i love paraisopolis
375119,noiva cadaver trilha sonora 11
375126,lemonade mouth
375136,detona ralph trilha sonora
375145,a week away a semana da minha vida
375146,pretty little liars
375201,tropa de elite filme
375215,muppets
375361,the sopranos
375362,queen of the damned a rainha dos condenados
375368,icarly
375390,guitar hero iii
375474,high school band bandslam
375484,pirlimpimpim
375496,aladdin 2019
375507,rocky horror
375524,o principe do egito
375530,pro evolution soccer winning eleven
375545,caras e bocas
375569,araguaia novela
375609,os pdrinhos magicos
375626,notre dame de paris musical
375682,how i met your mother
375694,10 things i hate about you
375712,confessions of shopaholic sountrack
375715,os vingadores
375725,step up filme
375731,kill bill soundtrack
375751,sex bomb omb
375756,bela a feia
375766,caminhos do coracao novela
375783,priscilla a rainha do deserto
375792,cardcaptor sakura
375843,os vegetais
375855,singin in the rain
375865,wicked musical
375888,ilha dos desafios
375901,shake it up
375968,footloose
375970,skins
376010,beleza puranovela
376039,sete pecados
376064,step up danca comigo
376077,where art thou
376080,rockbones
376109,as cariocas
376119,morde e assopra novela
376140,novela lalola
376147,buffy
376168,novela amigas e rivais
376181,les chansons damour
376193,sweeney todd
376214,boa sorte charliei
376221,quem quer ser um milionario filme
376227,divergente
376241,desejo proibido
376256,the book of mormon
376270,smash serie
376348,caminhos da floresta
376356,rodrigo firmo
376364,amor e intrigas
376384,quando toca o sino
376413,newsies musical
376432,the l word
376434,true blood
376456,ciranda de pedra novela
376466,alexa katie
376467,ellen
376468,club penguin
376479,sharpays fabulous adventure
376493,bones serie
376497,oklahoma
376506,uma banda la em casa
376507,on the town
376521,verano del 98
376549,puella magi madoka magica
376551,kami nomi zo shiru sekai
376563,azumanga daioh
376577,morcheeba
376700,tricky
376805,smoke city
376824,dread hot
376825,olive
376852,lamb
376901,telepopmusik
376925,kygo
376991,lost frequencies
377033,felix jaehn
377064,matoma
377099,altemar dutra
377500,noite ilustrada
377592,angela maria
378242,francisco petronio
378304,vicente celestino
378497,carlos galhardo
378952,anisio silva
379055,silvio caldas
379132,trio irakitan
379188,linda batista
379238,isaurinha garcia
379255,khaled
379276,gipsy kings
379365,cesaria evora
379536,xama gideon dos lakotas
379630,fela kuti
379639,astor piazzolla
379655,lokua kanza
379667,youssou ndour
379683,nancy ajram
379731,ofra haza
379789,miriam makeba
379806,freddie aguilar
379867,amadou mariam
379881,magic system
379897,clegg johnny
